name,age,last_login,watch_time,preferred_category,payment_status,email
김수민,49,2025-04-23,230,다큐멘터리,paid,ogsunjang@yuhanhoesa.kr
김재호,28,2025-04-22,127,애니메이션,paid,hyeonui@gmail.com
김영자,22,2025-04-25,169,예능,paid,yeongsugweon@daum.net
김준혁,64,2025-04-22,97,드라마,paid,seomijeong@live.com
이재현,64,2025-04-26,139,영화,paid,yeweongim@hanmail.net
민지혜,49,2025-04-15,163,예능,paid,oi@gimi.net
심재호,39,2025-04-07,207,다큐멘터리,paid,seonghyeoni@yu.org
류준서,47,2025-04-08,190,애니메이션,paid,minjae95@hanmail.net
이하은,47,2025-04-19,110,예능,paid,yeonghwangim@naver.com
이은경,47,2025-04-04,89,다큐멘터리,paid,hyejingim@dreamwiz.com
김민석,47,2025-04-02,72,다큐멘터리,paid,ycoe@coebaggim.kr
김정희,36,2025-04-07,146,드라마,paid,sangho62@dreamwiz.com
오정웅,24,2025-04-08,105,예능,paid,munjaeho@jusighoesa.com
황옥자,31,2025-04-18,172,애니메이션,paid,myeongsug15@gimgim.kr
김예지,27,2025-04-12,185,영화,paid,seojunbag@yu.kr
김영철,35,2025-04-16,244,예능,paid,junho57@gimgimi.kr
최경숙,25,2025-04-04,88,애니메이션,paid,minjaegim@gimgim.net
박정웅,49,2025-04-16,247,드라마,paid,eunseosong@hanmail.net
윤성현,23,2025-04-10,224,애니메이션,paid,dmun@daum.net
서주원,20,2025-04-10,44,드라마,paid,seunghyeonbag@yuhanhoesa.kr
유시우,18,2025-04-02,124,영화,paid,yunminseo@ju.kr
문지후,44,2025-04-20,109,영화,paid,ygim@naman.com
성현준,48,2025-04-07,23,드라마,unpaid,seungmingim@gmail.com
정지아,27,2025-04-03,101,애니메이션,paid,coemyeongja@ju.com
김명자,25,2025-04-12,247,드라마,paid,kgim@ju.kr
최숙자,56,2025-04-22,152,애니메이션,paid,yeongsugi@naver.com
장성민,24,2025-04-10,41,예능,paid,gimsujin@daum.net
김상훈,31,2025-04-11,143,다큐멘터리,paid,yangjuweon@hotmail.com
정성민,61,2025-04-11,197,다큐멘터리,paid,caeweon12@gimgim.kr
이상철,25,2025-04-20,177,드라마,paid,yeongjago@dreamwiz.com
백광수,55,2025-04-11,173,드라마,paid,donghyeon52@naver.com
박정식,24,2025-04-29,70,애니메이션,paid,gimjiyeong@ju.kr
이경희,54,2025-04-11,110,영화,paid,baeyeonggil@hanmail.net
이윤서,36,2025-04-27,168,영화,paid,caeweongim@hotmail.com
송춘자,59,2025-04-03,249,애니메이션,paid,ogsuni@songmunsong.com
한성훈,31,2025-04-23,46,영화,paid,dgim@ian.com
장승민,24,2025-04-15,196,예능,paid,juyejun@live.com
홍순옥,47,2025-04-25,49,영화,paid,yangyeongho@gimcoe.com
이은영,32,2025-04-08,155,다큐멘터리,paid,mbae@gimi.kr
박정희,56,2025-04-04,145,애니메이션,paid,jinu59@janggim.com
장순옥,46,2025-04-27,233,애니메이션,paid,seunghyeonjang@live.com
배은정,62,2025-04-12,171,예능,paid,acoe@naver.com
이영환,63,2025-04-10,119,예능,paid,rbag@hanmail.net
안현주,37,2025-04-04,194,영화,paid,iyeongmi@gimgwag.com
김서연,39,2025-04-18,130,영화,paid,gimgyeongja@yuhanhoesa.net
이민재,32,2025-04-16,59,드라마,paid,hwangyeongsu@gimgimhong.kr
박영진,35,2025-04-03,38,예능,paid,ugang@live.com
최하윤,49,2025-04-26,230,드라마,paid,pgim@naver.com
박은정,34,2025-04-17,11,다큐멘터리,unpaid,sgim@hanmail.net
이영철,42,2025-04-23,162,다큐멘터리,paid,yeongsighan@ju.com
이서영,42,2025-04-29,100,애니메이션,paid,lbae@gmail.com
권영미,41,2025-04-06,109,다큐멘터리,paid,jaeho66@yuhanhoesa.kr
이정남,21,2025-04-25,163,애니메이션,paid,jeongjaheo@gmail.com
최정숙,33,2025-04-27,80,드라마,paid,dgim@ju.com
이정훈,43,2025-04-15,21,영화,unpaid,ogja64@daum.net
권광수,38,2025-04-29,27,예능,paid,sunjahwang@gmail.com
하서연,32,2025-04-04,116,애니메이션,paid,yeongilbag@jusighoesa.kr
신미영,60,2025-04-20,113,영화,paid,sangho04@iogim.net
김정자,60,2025-04-13,1,예능,unpaid,anseoyeon@gmail.com
이성호,32,2025-04-29,18,영화,paid,hongjeongsug@daum.net
이중수,56,2025-04-06,89,애니메이션,paid,jinuseo@naver.com
허지영,22,2025-04-29,111,드라마,paid,lryu@naver.com
김진우,47,2025-04-02,26,영화,unpaid,dgim@live.com
박성진,51,2025-04-18,95,예능,paid,jeonghungim@naver.com
한수민,24,2025-04-29,172,드라마,paid,byeongceolo@coegimbag.net
안동현,55,2025-04-17,12,다큐멘터리,unpaid,than@bagbag.kr
최순자,41,2025-04-10,77,드라마,paid,jeongnam31@hanmail.net
서진호,37,2025-04-06,181,영화,paid,yeongsubag@najeon.com
김건우,37,2025-04-28,93,애니메이션,paid,donghyeon08@hangim.org
김경숙,38,2025-04-30,178,다큐멘터리,paid,vbag@hotmail.com
김채원,41,2025-04-11,203,영화,paid,iminjae@jusighoesa.com
권예준,51,2025-04-20,232,예능,paid,cbag@gojin.com
김현주,48,2025-04-28,196,다큐멘터리,paid,sujini@jusighoesa.kr
최성민,47,2025-04-28,73,애니메이션,paid,yeweon71@yu.net
송서연,35,2025-04-17,195,영화,paid,sunjabaeg@ju.org
권영호,20,2025-04-13,20,예능,unpaid,sgim@naver.com
노예진,59,2025-04-02,124,애니메이션,paid,cgim@live.com
조경자,53,2025-04-23,33,예능,paid,eomyeongsug@coegweon.com
윤지훈,59,2025-04-17,107,애니메이션,paid,fyun@yuhanhoesa.org
이영식,21,2025-04-17,99,예능,paid,bagjeongsu@nate.com
황준호,37,2025-04-14,175,드라마,paid,mi@gangbag.kr
김유진,46,2025-04-15,181,영화,paid,fyang@daum.net
강주원,34,2025-04-19,66,애니메이션,paid,minji86@jusighoesa.com
김현숙,42,2025-04-05,32,애니메이션,unpaid,jihu77@hanmail.net
김병철,37,2025-04-10,84,다큐멘터리,paid,ieunyeong@iani.com
이영환,60,2025-04-05,159,드라마,paid,hyeonubag@nate.com
정예원,62,2025-04-12,150,예능,paid,hyeonjugim@live.com
황광수,45,2025-04-15,135,예능,paid,qi@hotmail.com
김영일,49,2025-04-05,246,예능,paid,yangjinho@dreamwiz.com
김준호,54,2025-04-02,161,영화,paid,baghyeonjeong@gangi.com
고지혜,44,2025-04-27,86,예능,paid,sujin78@gmail.com
김정순,44,2025-04-25,36,예능,paid,ogjai@daum.net
한미숙,58,2025-04-25,4,다큐멘터리,paid,jieun05@yu.kr
안보람,22,2025-04-08,47,영화,paid,pgang@baeggimbag.com
장지후,36,2025-04-19,70,애니메이션,paid,yeongsug21@dreamwiz.com
민수진,54,2025-04-05,37,예능,paid,hyeonjun43@live.com
김영미,43,2025-04-03,149,드라마,paid,hyejin40@live.com
최정수,47,2025-04-03,196,영화,paid,sjeon@yu.com
장정희,35,2025-04-14,230,애니메이션,paid,baesunja@angim.com
김수진,44,2025-04-28,184,드라마,paid,siuan@nate.com
백지은,58,2025-04-12,78,영화,paid,sju@nate.com
박명자,63,2025-04-27,134,영화,paid,zju@gimi.com
박정숙,38,2025-04-24,83,애니메이션,paid,xryu@daum.net
박은정,39,2025-04-04,46,드라마,paid,sunjayun@dreamwiz.com
이영순,64,2025-04-22,80,영화,paid,hajaeho@gimgimbag.kr
장정호,50,2025-04-11,13,예능,unpaid,jiuyun@dreamwiz.com
심수빈,20,2025-04-05,121,다큐멘터리,paid,jinhoha@nate.com
임영철,57,2025-04-20,180,애니메이션,paid,iseungmin@daum.net
류미경,18,2025-04-25,93,드라마,paid,gimjeongung@jusighoesa.org
최지원,43,2025-04-14,95,다큐멘터리,paid,eungyeong90@gogim.com
안미영,36,2025-04-15,179,다큐멘터리,paid,gyeongsuan@yu.com
서영진,65,2025-04-11,87,예능,paid,xbag@yuhanhoesa.org
윤수진,55,2025-04-13,200,영화,paid,eomjeonghyi@imbagbaeg.com
이민서,64,2025-04-26,102,예능,paid,sujin98@icoe.com
조동현,47,2025-04-23,228,다큐멘터리,paid,jinuson@ibagi.com
이상훈,19,2025-04-20,178,드라마,paid,fgim@yuhanhoesa.kr
성영호,44,2025-04-04,129,애니메이션,paid,qi@munoju.kr
김영일,53,2025-04-06,183,영화,paid,ggim@hongi.org
김시우,62,2025-04-28,156,애니메이션,paid,doyun44@igim.com
이민서,37,2025-04-27,215,예능,paid,sinyeongsu@baggimi.com
최미경,25,2025-04-25,241,예능,paid,seonghyeongang@yu.kr
권민석,52,2025-04-27,61,영화,paid,iyeongsun@dreamwiz.com
이서윤,29,2025-04-11,236,예능,paid,gimhayun@yu.com
신민준,60,2025-04-23,169,다큐멘터리,paid,myeongjajeon@nate.com
문광수,39,2025-04-22,40,드라마,paid,uheo@coeoi.com
주민준,35,2025-04-08,90,애니메이션,paid,byeongceol13@live.com
박영숙,49,2025-04-10,194,애니메이션,paid,yeongsu21@daum.net
김지영,37,2025-04-05,191,예능,paid,yeongilgim@hanmail.net
김정훈,21,2025-04-28,60,드라마,paid,haeungang@gweongweonbag.kr
민순옥,31,2025-04-24,155,영화,paid,jinhobag@naver.com
최순자,23,2025-04-29,122,다큐멘터리,paid,hyeonjun00@ryugim.org
김은서,24,2025-04-12,132,드라마,paid,ycoe@gmail.com
송재호,38,2025-04-20,62,드라마,paid,dbag@dreamwiz.com
배성현,62,2025-04-02,146,애니메이션,paid,dohyeono@baggangi.com
황정수,62,2025-04-19,13,애니메이션,unpaid,minsu18@ioyun.kr
이은경,23,2025-04-02,84,예능,paid,jeongnam62@yu.com
류지아,53,2025-04-14,15,드라마,unpaid,bbag@iha.com
박서윤,40,2025-04-28,196,다큐멘터리,paid,minjunhong@ju.kr
김준영,49,2025-04-15,160,애니메이션,paid,xgim@yuhanhoesa.org
박옥자,41,2025-04-25,181,애니메이션,paid,mbae@nate.com
최영희,33,2025-04-08,231,애니메이션,paid,abag@hotmail.com
송미정,60,2025-04-14,48,예능,paid,yunjiyeon@daum.net
박미정,29,2025-04-16,63,예능,paid,yejunbaeg@yuhanhoesa.com
손현숙,20,2025-04-05,190,드라마,paid,ijunseo@live.com
이경자,36,2025-04-11,111,예능,paid,eunyeong20@heobag.org
한영길,50,2025-04-26,246,애니메이션,paid,gimyeongsu@yuhanhoesa.com
김상호,25,2025-04-06,226,애니메이션,paid,gimjieun@gmail.com
최정희,21,2025-04-08,4,애니메이션,unpaid,wgim@hanmail.net
김정숙,45,2025-04-08,85,다큐멘터리,paid,gwagminseo@gmail.com
박재현,61,2025-04-08,83,예능,paid,ogja51@nate.com
윤동현,25,2025-04-27,212,애니메이션,paid,donghyeonjeong@hotmail.com
임현지,38,2025-04-18,25,다큐멘터리,unpaid,eunjigim@dreamwiz.com
김주원,33,2025-04-06,169,예능,paid,caeweon86@gimgweongim.com
김은지,57,2025-04-08,29,드라마,unpaid,anjinu@live.com
손영숙,40,2025-04-19,154,영화,paid,xhan@songseo.com
지병철,25,2025-04-25,126,애니메이션,paid,sanghyeon54@naver.com
오민준,35,2025-04-22,5,영화,paid,hyeonu59@live.com
구진호,65,2025-04-22,37,예능,paid,zi@ju.kr
이미정,21,2025-04-27,173,예능,paid,jongsu90@yuhanhoesa.com
김민수,57,2025-04-25,187,애니메이션,paid,ri@hanmail.net
김서연,49,2025-04-09,4,드라마,unpaid,iyeongho@dreamwiz.com
강정수,39,2025-04-09,93,애니메이션,paid,sanghungo@dreamwiz.com
오현준,36,2025-04-06,12,다큐멘터리,unpaid,yeweon88@naver.com
고정희,41,2025-04-04,50,드라마,paid,migyeong13@jusighoesa.com
최영수,51,2025-04-10,24,영화,unpaid,gimjunho@baghwangryu.com
이도현,33,2025-04-08,89,애니메이션,paid,seojun89@hotmail.com
김예진,51,2025-04-19,203,예능,paid,bagjaeho@yu.com
노지후,25,2025-04-13,6,드라마,unpaid,seunghyeon84@yu.com
김현정,50,2025-04-24,74,드라마,paid,areumo@hongcoe.org
김현정,55,2025-04-18,0,애니메이션,unpaid,yunseoi@gmail.com
강성민,18,2025-04-02,220,예능,paid,zgim@live.com
김도윤,62,2025-04-04,167,영화,paid,nbag@nate.com
이정희,46,2025-04-21,67,드라마,paid,xgim@daum.net
박상훈,56,2025-04-20,3,예능,paid,sangceoli@munica.com
심정희,42,2025-04-21,30,예능,paid,myeongjabag@yangbaggim.kr
주서영,50,2025-04-04,223,드라마,paid,gimmyeongsug@dreamwiz.com
김민석,23,2025-04-25,136,드라마,paid,yejin65@yuhanhoesa.com
박정훈,18,2025-04-07,61,영화,paid,gimsangceol@nate.com
이현정,23,2025-04-30,206,애니메이션,paid,seonyeongi@ju.kr
조영일,24,2025-04-17,188,예능,paid,seonghyeon94@nate.com
박예지,47,2025-04-12,60,예능,paid,xsong@nate.com
구은경,59,2025-04-27,196,영화,paid,pi@ju.com
오지영,60,2025-04-03,4,드라마,unpaid,jeongsuggim@daum.net
박승현,57,2025-04-16,147,예능,paid,jungsuhwang@dreamwiz.com
서명자,45,2025-04-07,145,드라마,paid,borameom@bagigim.kr
이종수,39,2025-04-27,162,예능,paid,pgim@naver.com
김현지,47,2025-04-05,220,다큐멘터리,paid,yeweon75@dreamwiz.com
심주원,50,2025-04-20,11,드라마,paid,sanghun86@live.com
곽지원,39,2025-04-21,124,영화,paid,iyeeun@nate.com
윤지아,39,2025-04-15,120,영화,paid,jeongsuni@gimgang.kr
김지후,38,2025-04-11,100,드라마,paid,minseogi@gimhwanggim.kr
김은지,47,2025-04-16,197,영화,paid,wyun@naver.com
윤지후,49,2025-04-15,16,드라마,unpaid,mijeongo@jusighoesa.com
이예진,49,2025-04-01,246,다큐멘터리,paid,gimseoyeon@daum.net
이예원,29,2025-04-09,111,예능,paid,jeonghyibag@hanmail.net
이지민,24,2025-04-09,169,다큐멘터리,paid,gyeongsui@naver.com
권보람,35,2025-04-18,67,영화,paid,fbag@live.com
김민서,48,2025-04-29,111,영화,paid,geonui@dreamwiz.com
곽수진,36,2025-04-21,191,영화,paid,areum30@yuhanhoesa.net
한은주,62,2025-04-03,20,애니메이션,unpaid,subin32@dreamwiz.com
신예준,45,2025-04-26,232,예능,paid,zgweon@hanmail.net
장은서,30,2025-04-14,196,애니메이션,paid,xbag@ju.kr
김지혜,28,2025-04-30,177,다큐멘터리,paid,jangyeeun@dreamwiz.com
박준서,32,2025-04-23,71,다큐멘터리,paid,misugbag@gmail.com
장숙자,64,2025-04-11,177,애니메이션,paid,agim@ju.com
정명숙,60,2025-04-20,143,드라마,paid,agim@jusighoesa.net
이혜진,35,2025-04-15,187,다큐멘터리,paid,ymun@live.com
차준호,34,2025-04-11,209,영화,paid,sanghun86@jusighoesa.org
이정남,24,2025-04-15,70,예능,paid,pryu@dreamwiz.com
이진우,18,2025-04-07,117,예능,paid,songjihu@jusighoesa.kr
문서현,20,2025-04-26,58,다큐멘터리,paid,ibag@ju.com
허영환,39,2025-04-06,103,다큐멘터리,paid,jaehogim@hanmail.net
이영호,55,2025-04-25,186,드라마,paid,dcoe@nojang.org
한영순,35,2025-04-07,193,예능,paid,igim@dreamwiz.com
김준호,22,2025-04-22,118,드라마,paid,jheo@jucoegim.com
이도현,33,2025-04-24,148,다큐멘터리,paid,sangceol30@naver.com
조광수,32,2025-04-15,78,애니메이션,paid,eunjucoe@yuhanhoesa.com
백상철,62,2025-04-26,43,드라마,paid,sinyujin@jusighoesa.com
황영미,48,2025-04-29,60,드라마,paid,yeongho87@dreamwiz.com
나영수,47,2025-04-13,143,예능,paid,juweoni@hanmail.net
김유진,35,2025-04-01,217,다큐멘터리,paid,seongjin53@live.com
김유진,26,2025-04-03,59,드라마,paid,yunseo77@dreamwiz.com
안민준,46,2025-04-02,136,예능,paid,jihyeonjeong@gmail.com
홍명자,46,2025-04-22,191,예능,paid,ijeongja@ju.com
박도윤,51,2025-04-22,62,다큐멘터리,paid,igim@live.com
박서준,32,2025-04-07,25,애니메이션,unpaid,bagyeonghyi@live.com
백미숙,64,2025-04-26,242,다큐멘터리,paid,yeongjingang@songi.kr
성영길,44,2025-04-03,24,예능,unpaid,jaehoryu@ju.com
한미경,19,2025-04-22,222,예능,paid,seoyeon18@gmail.com
배정수,28,2025-04-02,19,애니메이션,unpaid,donghyeon14@gmail.com
고건우,22,2025-04-24,140,영화,paid,yujino@namicoe.kr
이하윤,45,2025-04-09,188,예능,paid,igweon@daum.net
우명숙,58,2025-04-11,145,애니메이션,paid,jeongjai@live.com
이은주,23,2025-04-18,103,드라마,paid,jgim@live.com
장재호,39,2025-04-10,211,애니메이션,paid,eunjeong11@gimo.net
이성호,46,2025-04-15,86,다큐멘터리,paid,nojinho@gimgim.kr
최승민,58,2025-04-18,182,애니메이션,paid,isangceol@mungim.kr
김지후,45,2025-04-18,136,다큐멘터리,paid,yeongsungim@ibag.com
이성민,33,2025-04-30,178,애니메이션,paid,yeongceol37@yuhanhoesa.com
이준혁,40,2025-04-05,181,예능,paid,jinho69@hotmail.com
조정수,26,2025-04-23,235,다큐멘터리,paid,seonghun65@naver.com
강현주,57,2025-04-20,126,영화,paid,junseo65@jusighoesa.kr
서진우,43,2025-04-09,108,영화,paid,san@yuhanhoesa.com
오지우,64,2025-04-08,16,애니메이션,unpaid,ejin@bagyumun.kr
안아름,41,2025-04-13,206,애니메이션,paid,hwangareum@gimgang.kr
장영숙,32,2025-04-22,27,예능,paid,ggim@naver.com
신영호,40,2025-04-25,42,애니메이션,paid,di@yu.kr
이진호,51,2025-04-23,77,예능,paid,jeonghuni@yuhanhoesa.com
한성수,39,2025-04-09,140,예능,paid,songsangho@nate.com
장민지,62,2025-04-23,218,애니메이션,paid,minjii@seonggimi.com
윤승민,53,2025-04-13,85,애니메이션,paid,ycoe@jusighoesa.com
안옥자,56,2025-04-20,58,예능,paid,seunghyeon14@dreamwiz.com
윤은서,21,2025-04-14,227,애니메이션,paid,ijeonghyi@hotmail.com
한수진,59,2025-04-29,31,애니메이션,paid,jeongnamgim@jusighoesa.kr
이병철,22,2025-04-17,72,다큐멘터리,paid,myeongsuggim@honggang.org
김민수,40,2025-04-08,69,드라마,paid,fi@live.com
박민지,50,2025-04-21,39,애니메이션,paid,jaehyeoni@gimbag.net
박옥순,47,2025-04-25,149,예능,paid,eungyeong58@yuhanhoesa.org
김채원,44,2025-04-13,27,예능,unpaid,fi@mungimsong.com
최순자,52,2025-04-30,239,영화,paid,subinan@hanmail.net
최옥자,21,2025-04-02,137,애니메이션,paid,hyeonju44@gwagbag.net
김지아,38,2025-04-01,38,애니메이션,paid,jinjia@hotmail.com
김민서,46,2025-04-18,122,영화,paid,yunseojang@dreamwiz.com
강재현,48,2025-04-01,20,다큐멘터리,unpaid,ygim@daum.net
권정수,24,2025-04-01,142,예능,paid,uha@gmail.com
홍미숙,29,2025-04-29,96,예능,paid,jeonghyi86@hanmail.net
류예진,28,2025-04-27,126,애니메이션,paid,jeongung92@dreamwiz.com
손지연,28,2025-04-22,248,예능,paid,gangjeongja@ju.kr
한민수,20,2025-04-16,29,애니메이션,unpaid,jiyeonyang@daum.net
김영미,57,2025-04-25,237,애니메이션,paid,ijaeho@yuhanhoesa.net
김도현,32,2025-04-17,68,예능,paid,sgim@ryumin.kr
박서윤,27,2025-04-30,15,다큐멘터리,paid,gimjuweon@gimhwang.org
윤정순,55,2025-04-16,74,다큐멘터리,paid,gangseonghyeon@ogang.com
강영희,36,2025-04-13,66,다큐멘터리,paid,baeseongmin@yuhanhoesa.com
김영철,35,2025-04-25,244,예능,paid,hongareum@naver.com
조병철,50,2025-04-28,3,예능,paid,sunja37@live.com
박예준,33,2025-04-13,6,애니메이션,unpaid,cunja26@ijanggweon.org
최건우,53,2025-04-02,148,드라마,paid,yuhayun@baggangbag.kr
이재현,30,2025-04-03,136,드라마,paid,byeongceol18@jusighoesa.kr
권은지,20,2025-04-29,126,드라마,paid,yeonghyi30@ju.com
조성수,28,2025-04-12,14,드라마,unpaid,gimseongmin@jusighoesa.org
김미정,44,2025-04-20,232,다큐멘터리,paid,hwangdoyun@live.com
김정식,44,2025-04-26,2,예능,paid,xbag@yuhanhoesa.org
최정웅,19,2025-04-11,196,다큐멘터리,paid,gimjia@ju.kr
김현주,57,2025-04-29,47,드라마,paid,pgim@heoiryu.kr
박지후,21,2025-04-20,230,애니메이션,paid,eunjuna@gimbagi.org
김영길,65,2025-04-28,91,애니메이션,paid,jaehyeonan@hanmail.net
최영식,38,2025-04-09,9,다큐멘터리,unpaid,seongjinnam@jusighoesa.com
김은지,55,2025-04-15,172,예능,paid,gimhyeonju@live.com
김현준,31,2025-04-14,5,영화,unpaid,gimyeongil@live.com
이현지,41,2025-04-27,115,드라마,paid,bagsunog@gimcoei.com
이성수,40,2025-04-10,119,드라마,paid,jeongsu43@daum.net
김지영,24,2025-04-24,18,예능,paid,sanghyeonbag@ibag.org
이상훈,39,2025-04-02,176,영화,paid,gimyeongja@jusighoesa.com
이명숙,58,2025-04-16,83,다큐멘터리,paid,jeongsug20@live.com
최유진,60,2025-04-19,240,다큐멘터리,paid,ygim@ju.org
김서연,22,2025-04-08,248,예능,paid,yeongja19@naver.com
김혜진,49,2025-04-28,234,다큐멘터리,paid,fsong@gimno.com
최준영,31,2025-04-19,2,드라마,unpaid,rgim@live.com
김병철,32,2025-04-02,151,드라마,paid,cyang@hanmail.net
박춘자,38,2025-04-12,78,애니메이션,paid,gimjunyeong@live.com
손영진,61,2025-04-25,137,애니메이션,paid,whwang@jeongbagbaeg.kr
이경수,29,2025-04-27,218,예능,paid,baeeunseo@yuhanhoesa.com
윤상훈,24,2025-04-05,233,예능,paid,seoyeongna@ihonghong.com
이정호,20,2025-04-14,150,다큐멘터리,paid,hanjeonghun@hotmail.com
김혜진,26,2025-04-20,92,영화,paid,seonghun01@gmail.com
김영진,60,2025-04-09,20,애니메이션,unpaid,jihye32@oheo.org
김민서,54,2025-04-20,157,영화,paid,hongjia@yu.com
김민재,25,2025-04-23,223,영화,paid,lyun@nate.com
최민준,29,2025-04-16,110,영화,paid,seojun09@live.com
황윤서,50,2025-04-16,214,애니메이션,paid,jihye93@yuhanhoesa.com
손도현,36,2025-04-04,64,애니메이션,paid,ngim@hanmail.net
이지우,43,2025-04-10,98,영화,paid,iyejin@yuhanhoesa.kr
이준영,25,2025-04-23,222,다큐멘터리,paid,hyeonuan@yu.com
이정웅,59,2025-04-22,162,드라마,paid,seohyeon97@yuhanhoesa.com
이현우,37,2025-04-20,166,영화,paid,areum43@daum.net
최준혁,37,2025-04-22,186,애니메이션,paid,ijihun@ryugang.kr
김민준,27,2025-04-04,229,다큐멘터리,paid,bagsangho@live.com
손상훈,43,2025-04-09,97,다큐멘터리,paid,juweoni@hotmail.com
이영수,44,2025-04-19,182,예능,paid,seoyeon21@yu.com
홍지은,47,2025-04-19,151,예능,paid,pcoe@dreamwiz.com
이준혁,50,2025-04-27,151,드라마,paid,sanghungweon@jusighoesa.org
김도현,36,2025-04-22,221,애니메이션,paid,hyejingang@naver.com
서준서,47,2025-04-01,170,영화,paid,jcoe@gobag.org
한영환,58,2025-04-04,208,드라마,paid,iseongsu@daum.net
최미숙,64,2025-04-29,205,영화,paid,jiyeong46@dreamwiz.com
박보람,43,2025-04-05,185,애니메이션,paid,subinjang@live.com
손성진,45,2025-04-27,236,영화,paid,sinjihye@gimryu.com
홍준호,55,2025-04-12,4,예능,unpaid,seongminu@hwangiseo.kr
김서영,20,2025-04-30,93,애니메이션,paid,xgweon@gmail.com
김숙자,64,2025-04-16,8,드라마,unpaid,eunseobag@gmail.com
양상철,26,2025-04-08,78,드라마,paid,dohyeongim@hani.org
이지훈,47,2025-04-26,249,영화,paid,junseocoe@yuhanhoesa.com
홍상훈,45,2025-04-25,172,예능,paid,doyun02@jusighoesa.net
윤영일,59,2025-04-14,108,예능,paid,pbaeg@ju.kr
이현주,57,2025-04-25,14,드라마,paid,wbae@dreamwiz.com
박정남,60,2025-04-09,55,예능,paid,gimhyejin@nate.com
최수빈,24,2025-04-11,37,다큐멘터리,paid,rgim@goi.net
윤서연,58,2025-04-26,174,드라마,paid,songeunju@jangjango.net
이지후,53,2025-04-07,153,예능,paid,lseo@hanmail.net
오정수,40,2025-04-25,142,예능,paid,migyeong28@hotmail.com
박정호,50,2025-04-26,20,드라마,paid,areum35@yu.com
최영길,31,2025-04-04,154,영화,paid,ogim@yuhanhoesa.kr
이채원,37,2025-04-10,183,영화,paid,hyejini@gimmungim.com
강민준,30,2025-04-30,89,예능,paid,bagyeonggil@jusighoesa.org
김영희,28,2025-04-08,197,예능,paid,ei@live.com
박정웅,55,2025-04-03,40,예능,paid,yujin83@ju.com
김영일,63,2025-04-17,58,드라마,paid,minsugim@naver.com
박영진,60,2025-04-22,217,다큐멘터리,paid,jeonghobae@nate.com
김하윤,40,2025-04-13,64,영화,paid,gimyeji@hotmail.com
김영일,57,2025-04-12,217,드라마,paid,yeeun06@hwanggang.kr
장은지,60,2025-04-25,113,다큐멘터리,paid,hanjihu@gimgimhan.com
강수진,35,2025-04-22,168,다큐멘터리,paid,sujin26@ju.kr
이영진,49,2025-04-06,57,예능,paid,yeweon42@yuhanhoesa.com
장지후,55,2025-04-06,243,다큐멘터리,paid,hayunhwang@daum.net
김선영,46,2025-04-12,123,드라마,paid,smin@baggim.com
고아름,18,2025-04-10,4,영화,unpaid,gseo@gmail.com
김재호,41,2025-04-22,103,드라마,paid,jiweon94@daum.net
이민석,36,2025-04-24,54,드라마,paid,yi@dreamwiz.com
윤지우,64,2025-04-14,114,다큐멘터리,paid,yeonghyigim@ju.kr
최시우,52,2025-04-10,68,다큐멘터리,paid,sumin27@dreamwiz.com
이광수,54,2025-04-13,210,영화,paid,gyeongsu89@hanmail.net
장순옥,25,2025-04-06,187,다큐멘터리,paid,pjang@ijangi.org
손은영,31,2025-04-25,179,영화,paid,migyeongbag@mungimbag.com
이영일,23,2025-04-27,163,예능,paid,fryu@dreamwiz.com
최도현,63,2025-04-07,240,애니메이션,paid,fi@gmail.com
이영호,52,2025-04-26,13,드라마,paid,anhyeonsug@soncoe.net
하아름,39,2025-04-01,77,드라마,paid,jeonghyii@oibag.com
김순자,62,2025-04-17,42,예능,paid,yeonghyi02@dreamwiz.com
오정웅,38,2025-04-26,24,예능,paid,sumin31@gimryugim.com
이지훈,31,2025-04-18,85,영화,paid,lbag@yuhanhoesa.net
심준영,27,2025-04-07,37,예능,paid,yeongjagim@hotmail.com
윤예준,40,2025-04-16,213,영화,paid,mi@hanmail.net
차현우,34,2025-04-11,133,예능,paid,seongminjo@naver.com
최숙자,29,2025-04-08,205,다큐멘터리,paid,yeonggilo@heogim.net
성예진,50,2025-04-20,244,다큐멘터리,paid,gweonseoyeon@live.com
손옥자,50,2025-04-23,69,애니메이션,paid,bagdoyun@hotmail.com
김상훈,31,2025-04-30,80,영화,paid,yeongsun20@gimjeong.com
김채원,18,2025-04-01,68,다큐멘터리,paid,ygim@hangim.kr
성현우,46,2025-04-25,50,예능,paid,gimyeongceol@dreamwiz.com
백정자,22,2025-04-09,42,예능,paid,eungyeongca@naver.com
나도현,23,2025-04-12,77,다큐멘터리,paid,ijihun@gimcoe.com
박진우,53,2025-04-04,72,영화,paid,caeweoncoe@bagcoe.com
오영진,56,2025-04-15,97,다큐멘터리,paid,anseonghyeon@gimgimgim.com
이진호,43,2025-04-16,103,예능,paid,gimjeongho@hanmail.net
강은정,50,2025-04-30,77,영화,paid,junyeong16@bagi.kr
이지원,53,2025-04-23,183,다큐멘터리,paid,pgim@hanmail.net
김동현,36,2025-04-15,72,예능,paid,gimsugja@yuhanhoesa.com
한현지,27,2025-04-17,219,다큐멘터리,paid,sinseongjin@dreamwiz.com
김명자,43,2025-04-14,104,영화,paid,boram93@ibag.kr
김정남,24,2025-04-16,84,예능,paid,gweonseoyun@yu.com
이현숙,34,2025-04-01,222,영화,paid,bryu@dreamwiz.com
김정호,27,2025-04-22,234,다큐멘터리,paid,jaehoson@nate.com
김채원,40,2025-04-01,113,다큐멘터리,paid,gimseoyeong@baghai.net
서서영,52,2025-04-28,24,다큐멘터리,paid,seungmingang@gimgim.org
김지아,52,2025-04-12,137,드라마,paid,iminjae@daum.net
최진호,41,2025-04-07,113,드라마,paid,yeongsuggim@naver.com
배숙자,27,2025-04-08,26,드라마,unpaid,subin49@hotmail.com
이숙자,63,2025-04-28,23,영화,paid,geonugim@hanmail.net
윤수민,49,2025-04-04,241,애니메이션,paid,yeongsuni@dreamwiz.com
이성수,33,2025-04-14,79,애니메이션,paid,sunjagim@gogim.kr
서재현,54,2025-04-10,184,다큐멘터리,paid,hongsugja@hwanggimgim.com
엄예은,19,2025-04-25,240,영화,paid,junhyeog94@yuhanhoesa.com
박정남,37,2025-04-24,207,예능,paid,jinhogim@yuhanhoesa.com
박도윤,51,2025-04-26,37,다큐멘터리,paid,donghyeongim@nate.com
허중수,44,2025-04-25,168,다큐멘터리,paid,sanghyeon84@coecoe.kr
이은지,27,2025-04-30,26,애니메이션,paid,junseo38@imunbag.kr
김춘자,62,2025-04-19,38,드라마,paid,yeongsigbag@naver.com
김성호,50,2025-04-10,191,다큐멘터리,paid,jihui@yuhanhoesa.net
김경희,60,2025-04-14,139,드라마,paid,sugjagim@ju.com
이현지,57,2025-04-21,234,예능,paid,hayun37@mungimryu.kr
최정훈,43,2025-04-18,213,예능,paid,yejii@dreamwiz.com
김영미,39,2025-04-05,81,드라마,paid,gimmiyeong@ryujogim.kr
양옥자,29,2025-04-07,123,예능,paid,bagseojun@yuhanhoesa.kr
심영수,63,2025-04-07,51,예능,paid,seohyeon91@live.com
박상호,50,2025-04-28,164,영화,paid,seonyeong86@gimo.org
박영진,63,2025-04-02,102,드라마,paid,yeongjai@nate.com
이영환,24,2025-04-15,117,드라마,paid,ncoe@naver.com
이서영,63,2025-04-05,55,다큐멘터리,paid,juweoncoe@naver.com
최지영,38,2025-04-05,72,예능,paid,jiminyun@hanmail.net
한민준,41,2025-04-22,184,영화,paid,zan@jusighoesa.org
유시우,29,2025-04-14,237,애니메이션,paid,yeongsu19@yuhanhoesa.com
최현정,63,2025-04-25,45,예능,paid,mbag@giman.kr
김보람,20,2025-04-17,194,드라마,paid,yeongil02@yu.kr
김정식,25,2025-04-19,178,다큐멘터리,paid,yeji89@isong.com
김현숙,62,2025-04-07,153,애니메이션,paid,seonghun81@yu.com
송은경,48,2025-04-05,154,예능,paid,xcoe@hanmail.net
성예원,27,2025-04-05,147,다큐멘터리,paid,bagyeongho@live.com
지정숙,63,2025-04-11,88,드라마,paid,jungsu58@yu.org
최민준,23,2025-04-16,183,드라마,paid,yeongsu94@hotmail.com
장하은,40,2025-04-03,149,드라마,paid,yeongilgim@naver.com
김상호,60,2025-04-05,1,다큐멘터리,unpaid,eunseogim@daum.net
장은영,38,2025-04-09,233,예능,paid,ui@baeyangcoe.com
나지훈,22,2025-04-06,86,다큐멘터리,paid,kgim@hotmail.com
안영수,61,2025-04-19,8,예능,unpaid,junhyeog27@yuhanhoesa.kr
이은영,31,2025-04-13,95,애니메이션,paid,minjigim@dreamwiz.com
이보람,29,2025-04-22,164,드라마,paid,jihugweon@nate.com
이보람,32,2025-04-11,155,드라마,paid,eunjio@yuhanhoesa.com
성민재,46,2025-04-06,108,영화,paid,jihungim@ani.kr
김미숙,64,2025-04-27,156,예능,paid,gimyeongceol@yuhanhoesa.kr
김경자,36,2025-04-20,39,다큐멘터리,paid,jia93@yu.net
황예원,61,2025-04-29,129,드라마,paid,dgang@jusighoesa.com
강승민,65,2025-04-30,199,애니메이션,paid,gimyeongsig@yuno.kr
이영희,60,2025-04-02,76,애니메이션,paid,li@gmail.com
김상훈,36,2025-04-18,37,예능,paid,seonghogim@yuhanhoesa.org
김은정,30,2025-04-08,43,애니메이션,paid,pi@baggim.kr
김정숙,51,2025-04-11,12,영화,unpaid,ibag@naver.com
김현정,45,2025-04-10,213,애니메이션,paid,ogang@bagyuni.com
김동현,24,2025-04-01,173,영화,paid,jungsu24@gmail.com
송준혁,46,2025-04-28,243,드라마,paid,gyeongsug07@dreamwiz.com
권주원,36,2025-04-15,200,예능,paid,coeseungmin@igimseo.kr
김미경,32,2025-04-29,95,영화,paid,ujin84@gimgimgim.com
강수민,47,2025-04-14,235,영화,paid,jeongsugim@gmail.com
김서준,22,2025-04-08,143,영화,paid,gimseongjin@dreamwiz.com
이주원,40,2025-04-18,32,영화,unpaid,gyeongsug05@daum.net
곽명숙,38,2025-04-10,27,예능,unpaid,jeongseonghun@naver.com
류미영,60,2025-04-18,184,다큐멘터리,paid,chwang@ju.net
박현지,27,2025-04-03,35,영화,paid,tjang@nate.com
서정호,23,2025-04-22,112,영화,paid,gyeonghyi43@sonmun.com
김영희,35,2025-04-29,77,영화,paid,eunjeongcoe@angimgim.org
한민지,28,2025-04-05,53,드라마,paid,seonghyeongim@nameom.net
이민재,49,2025-04-13,83,애니메이션,paid,myeongsugi@songbag.com
이정웅,62,2025-04-10,243,드라마,paid,bagjinu@naver.com
박윤서,49,2025-04-16,66,애니메이션,paid,yejin49@hotmail.com
김성민,49,2025-04-18,199,예능,paid,hyeonu86@hotmail.com
강아름,23,2025-04-03,186,예능,paid,yeji86@yuhanhoesa.com
이은주,42,2025-04-12,87,드라마,paid,bagminjae@jusighoesa.com
김경수,26,2025-04-11,123,영화,paid,sbag@naver.com
김정웅,28,2025-04-17,57,예능,paid,areumnam@yuhanhoesa.kr
안명숙,29,2025-04-23,93,영화,paid,seojeongsun@daum.net
성미숙,34,2025-04-10,132,다큐멘터리,paid,hgim@jusighoesa.kr
김재현,50,2025-04-30,30,드라마,paid,bhan@daum.net
김승민,42,2025-04-18,169,드라마,paid,mijeongjo@nate.com
최혜진,61,2025-04-01,100,영화,paid,bgweon@nate.com
최서영,41,2025-04-11,158,영화,paid,hyeonsug76@gmail.com
나은서,43,2025-04-19,70,드라마,paid,geonu33@gimryu.net
허옥순,35,2025-04-25,7,영화,paid,gimjongsu@yu.kr
김성민,29,2025-04-24,113,드라마,paid,yejino@dreamwiz.com
류정수,19,2025-04-15,155,애니메이션,paid,dohyeon96@ju.kr
문준호,57,2025-04-30,209,다큐멘터리,paid,gangsugja@yu.com
김명숙,36,2025-04-20,46,다큐멘터리,paid,kgweon@daum.net
이승민,46,2025-04-17,194,다큐멘터리,paid,minjun90@iii.net
김영호,26,2025-04-24,150,애니메이션,paid,myun@hanmail.net
이시우,42,2025-04-23,232,드라마,paid,jangjihun@gimi.net
이현준,28,2025-04-09,73,다큐멘터리,paid,jinhoyu@hanmail.net
이정훈,25,2025-04-18,18,드라마,unpaid,seoyeongjin@yu.net
이예은,46,2025-04-15,39,애니메이션,paid,ogsungim@naver.com
강혜진,57,2025-04-12,118,영화,paid,qcoe@yu.kr
박진우,56,2025-04-27,45,드라마,paid,qjang@mungim.org
이현지,49,2025-04-11,123,다큐멘터리,paid,gyeonghyi98@jusighoesa.net
김영진,58,2025-04-10,40,애니메이션,paid,ki@gmail.com
이재현,36,2025-04-23,169,드라마,paid,eunji46@yu.com
이진호,35,2025-04-12,143,영화,paid,jgim@jubaegi.kr
윤영환,38,2025-04-22,112,다큐멘터리,paid,jeongnamhan@yuhanhoesa.org
남지훈,37,2025-04-09,104,다큐멘터리,paid,coehayun@daum.net
홍민재,49,2025-04-18,187,드라마,paid,jiyeong66@bagsim.net
이지영,32,2025-04-19,43,영화,paid,seungmingweon@jogang.kr
임성호,49,2025-04-23,110,다큐멘터리,paid,myeongjajo@nate.com
이영수,46,2025-04-02,245,다큐멘터리,paid,yeongsigi@yu.com
김현숙,53,2025-04-09,43,영화,paid,dim@hanmail.net
