name,age,last_login,watch_time,preferred_category,email
김수민,58,2025-04-30,13,드라마,ogsunjang@yuhanhoesa.kr
김재호,38,2025-04-01,215,영화,hyeonui@gmail.com
김영자,35,2025-04-27,109,애니메이션,yeongsugweon@daum.net
김준혁,61,2025-04-02,156,애니메이션,seomijeong@live.com
이재현,33,2025-04-29,16,영화,yeweongim@hanmail.net
민지혜,35,2025-04-08,238,드라마,oi@gimi.net
심재호,44,2025-04-05,49,예능,seonghyeoni@yu.org
류준서,38,2025-04-21,139,영화,minjae95@hanmail.net
이하은,23,2025-04-23,82,애니메이션,yeonghwangim@naver.com
이은경,55,2025-04-16,165,드라마,hyejingim@dreamwiz.com
김민석,29,2025-04-01,215,드라마,ycoe@coebaggim.kr
김정희,18,2025-04-19,13,영화,sangho62@dreamwiz.com
오정웅,55,2025-04-08,11,영화,munjaeho@jusighoesa.com
황옥자,29,2025-04-21,239,드라마,myeongsug15@gimgim.kr
김예지,23,2025-04-06,25,예능,seojunbag@yu.kr
김영철,26,2025-04-15,37,예능,junho57@gimgimi.kr
최경숙,49,2025-04-28,175,영화,minjaegim@gimgim.net
박정웅,57,2025-04-16,228,영화,eunseosong@hanmail.net
윤성현,29,2025-04-30,14,애니메이션,dmun@daum.net
서주원,44,2025-04-28,59,다큐멘터리,seunghyeonbag@yuhanhoesa.kr
유시우,44,2025-04-16,168,애니메이션,yunminseo@ju.kr
문지후,46,2025-04-22,96,다큐멘터리,ygim@naman.com
성현준,57,2025-04-24,134,애니메이션,seungmingim@gmail.com
정지아,47,2025-04-21,108,영화,coemyeongja@ju.com
김명자,62,2025-04-29,136,드라마,kgim@ju.kr
최숙자,38,2025-04-02,8,예능,yeongsugi@naver.com
장성민,43,2025-04-21,145,애니메이션,gimsujin@daum.net
김상훈,53,2025-04-03,153,드라마,yangjuweon@hotmail.com
정성민,37,2025-04-08,39,영화,caeweon12@gimgim.kr
이상철,28,2025-04-09,227,예능,yeongjago@dreamwiz.com
백광수,39,2025-04-19,11,예능,donghyeon52@naver.com
박정식,65,2025-04-14,207,예능,gimjiyeong@ju.kr
이경희,39,2025-04-29,25,영화,baeyeonggil@hanmail.net
이윤서,49,2025-04-24,145,다큐멘터리,caeweongim@hotmail.com
송춘자,42,2025-04-18,145,영화,ogsuni@songmunsong.com
한성훈,27,2025-04-27,112,다큐멘터리,dgim@ian.com
장승민,35,2025-04-13,192,예능,juyejun@live.com
홍순옥,26,2025-04-24,235,예능,yangyeongho@gimcoe.com
이은영,31,2025-04-22,162,영화,mbae@gimi.kr
박정희,43,2025-04-06,50,드라마,jinu59@janggim.com
장순옥,49,2025-04-10,218,예능,seunghyeonjang@live.com
배은정,52,2025-04-20,9,다큐멘터리,acoe@naver.com
이영환,39,2025-04-15,70,애니메이션,rbag@hanmail.net
안현주,29,2025-04-19,5,드라마,iyeongmi@gimgwag.com
김서연,23,2025-04-15,53,예능,gimgyeongja@yuhanhoesa.net
이민재,26,2025-04-04,55,애니메이션,hwangyeongsu@gimgimhong.kr
박영진,19,2025-04-03,228,예능,ugang@live.com
최하윤,45,2025-04-24,7,다큐멘터리,pgim@naver.com
박은정,32,2025-04-20,21,다큐멘터리,sgim@hanmail.net
이영철,31,2025-04-30,186,애니메이션,yeongsighan@ju.com
이서영,20,2025-04-15,178,다큐멘터리,lbae@gmail.com
권영미,37,2025-04-24,112,다큐멘터리,jaeho66@yuhanhoesa.kr
이정남,50,2025-04-19,100,드라마,jeongjaheo@gmail.com
최정숙,29,2025-04-22,18,애니메이션,dgim@ju.com
이정훈,46,2025-04-24,215,드라마,ogja64@daum.net
권광수,36,2025-04-29,240,영화,sunjahwang@gmail.com
하서연,41,2025-04-09,250,드라마,yeongilbag@jusighoesa.kr
신미영,28,2025-04-06,93,다큐멘터리,sangho04@iogim.net
김정자,34,2025-04-30,224,예능,anseoyeon@gmail.com
이성호,25,2025-04-26,205,드라마,hongjeongsug@daum.net
이중수,22,2025-04-19,59,드라마,jinuseo@naver.com
허지영,59,2025-04-10,99,애니메이션,lryu@naver.com
김진우,45,2025-04-06,78,예능,dgim@live.com
박성진,53,2025-04-26,246,영화,jeonghungim@naver.com
한수민,37,2025-04-28,168,다큐멘터리,byeongceolo@coegimbag.net
안동현,29,2025-04-17,132,드라마,than@bagbag.kr
최순자,46,2025-04-14,21,드라마,jeongnam31@hanmail.net
서진호,55,2025-04-08,132,다큐멘터리,yeongsubag@najeon.com
김건우,61,2025-04-22,11,다큐멘터리,donghyeon08@hangim.org
김경숙,46,2025-04-16,212,예능,vbag@hotmail.com
김채원,57,2025-04-06,128,드라마,iminjae@jusighoesa.com
권예준,26,2025-04-07,116,애니메이션,cbag@gojin.com
김현주,26,2025-04-22,219,영화,sujini@jusighoesa.kr
최성민,56,2025-04-12,89,드라마,yeweon71@yu.net
송서연,41,2025-04-06,181,예능,sunjabaeg@ju.org
권영호,26,2025-04-21,236,다큐멘터리,sgim@naver.com
노예진,21,2025-04-04,194,다큐멘터리,cgim@live.com
조경자,41,2025-04-30,244,영화,eomyeongsug@coegweon.com
윤지훈,36,2025-04-25,179,예능,fyun@yuhanhoesa.org
이영식,44,2025-04-09,215,애니메이션,bagjeongsu@nate.com
황준호,48,2025-04-01,151,애니메이션,mi@gangbag.kr
김유진,23,2025-04-25,106,애니메이션,fyang@daum.net
강주원,20,2025-04-04,80,애니메이션,minji86@jusighoesa.com
김현숙,21,2025-04-02,56,예능,jihu77@hanmail.net
김병철,58,2025-04-28,66,영화,ieunyeong@iani.com
이영환,46,2025-04-25,12,드라마,hyeonubag@nate.com
정예원,40,2025-04-11,85,다큐멘터리,hyeonjugim@live.com
황광수,64,2025-04-28,90,애니메이션,qi@hotmail.com
김영일,28,2025-04-20,35,드라마,yangjinho@dreamwiz.com
김준호,64,2025-04-23,17,예능,baghyeonjeong@gangi.com
고지혜,41,2025-04-22,204,드라마,sujin78@gmail.com
김정순,22,2025-04-04,90,다큐멘터리,ogjai@daum.net
한미숙,47,2025-04-03,66,애니메이션,jieun05@yu.kr
안보람,33,2025-04-03,77,예능,pgang@baeggimbag.com
장지후,60,2025-04-23,79,영화,yeongsug21@dreamwiz.com
민수진,58,2025-04-21,207,드라마,hyeonjun43@live.com
김영미,51,2025-04-07,104,영화,hyejin40@live.com
최정수,34,2025-04-29,77,예능,sjeon@yu.com
장정희,41,2025-04-26,9,애니메이션,baesunja@angim.com
김수진,22,2025-04-18,199,다큐멘터리,siuan@nate.com
백지은,55,2025-04-24,142,다큐멘터리,sju@nate.com
박명자,32,2025-04-17,128,다큐멘터리,zju@gimi.com
박정숙,58,2025-04-13,144,영화,xryu@daum.net
박은정,48,2025-04-07,10,애니메이션,sunjayun@dreamwiz.com
이영순,27,2025-04-17,17,애니메이션,hajaeho@gimgimbag.kr
장정호,28,2025-04-18,13,애니메이션,jiuyun@dreamwiz.com
심수빈,43,2025-04-03,164,애니메이션,jinhoha@nate.com
임영철,32,2025-04-26,106,애니메이션,iseungmin@daum.net
류미경,34,2025-04-01,75,예능,gimjeongung@jusighoesa.org
최지원,60,2025-04-08,68,애니메이션,eungyeong90@gogim.com
안미영,39,2025-04-01,231,다큐멘터리,gyeongsuan@yu.com
서영진,63,2025-04-22,151,다큐멘터리,xbag@yuhanhoesa.org
윤수진,18,2025-04-12,109,드라마,eomjeonghyi@imbagbaeg.com
이민서,29,2025-04-07,177,애니메이션,sujin98@icoe.com
조동현,28,2025-04-08,67,다큐멘터리,jinuson@ibagi.com
이상훈,43,2025-04-14,137,애니메이션,fgim@yuhanhoesa.kr
성영호,21,2025-04-01,66,예능,qi@munoju.kr
김영일,22,2025-04-24,172,애니메이션,ggim@hongi.org
김시우,51,2025-04-17,5,드라마,doyun44@igim.com
이민서,48,2025-04-30,168,영화,sinyeongsu@baggimi.com
최미경,64,2025-04-04,73,다큐멘터리,seonghyeongang@yu.kr
권민석,32,2025-04-22,83,예능,iyeongsun@dreamwiz.com
이서윤,61,2025-04-13,169,다큐멘터리,gimhayun@yu.com
신민준,59,2025-04-15,126,드라마,myeongjajeon@nate.com
문광수,52,2025-04-24,224,드라마,uheo@coeoi.com
주민준,65,2025-04-19,30,다큐멘터리,byeongceol13@live.com
박영숙,22,2025-04-20,109,영화,yeongsu21@daum.net
김지영,41,2025-04-14,231,영화,yeongilgim@hanmail.net
김정훈,49,2025-04-27,140,애니메이션,haeungang@gweongweonbag.kr
민순옥,64,2025-04-12,33,애니메이션,jinhobag@naver.com
최순자,44,2025-04-20,90,예능,hyeonjun00@ryugim.org
김은서,60,2025-04-27,7,예능,ycoe@gmail.com
송재호,42,2025-04-07,60,드라마,dbag@dreamwiz.com
배성현,51,2025-04-18,98,드라마,dohyeono@baggangi.com
황정수,53,2025-04-17,216,애니메이션,minsu18@ioyun.kr
이은경,19,2025-04-05,114,예능,jeongnam62@yu.com
류지아,31,2025-04-06,83,영화,bbag@iha.com
박서윤,37,2025-04-09,84,드라마,minjunhong@ju.kr
김준영,54,2025-04-12,170,다큐멘터리,xgim@yuhanhoesa.org
박옥자,31,2025-04-15,241,애니메이션,mbae@nate.com
최영희,58,2025-04-23,158,영화,abag@hotmail.com
송미정,45,2025-04-22,177,드라마,yunjiyeon@daum.net
박미정,25,2025-04-23,143,다큐멘터리,yejunbaeg@yuhanhoesa.com
손현숙,60,2025-04-05,137,애니메이션,ijunseo@live.com
이경자,31,2025-04-07,117,애니메이션,eunyeong20@heobag.org
한영길,38,2025-04-29,95,예능,gimyeongsu@yuhanhoesa.com
김상호,36,2025-04-21,54,다큐멘터리,gimjieun@gmail.com
최정희,36,2025-04-12,228,애니메이션,wgim@hanmail.net
김정숙,58,2025-04-24,84,애니메이션,gwagminseo@gmail.com
박재현,24,2025-04-15,92,애니메이션,ogja51@nate.com
윤동현,54,2025-04-28,248,영화,donghyeonjeong@hotmail.com
임현지,30,2025-04-11,92,다큐멘터리,eunjigim@dreamwiz.com
김주원,22,2025-04-22,43,예능,caeweon86@gimgweongim.com
김은지,53,2025-04-01,174,애니메이션,anjinu@live.com
손영숙,34,2025-04-02,186,다큐멘터리,xhan@songseo.com
지병철,62,2025-04-30,154,예능,sanghyeon54@naver.com
오민준,48,2025-04-25,166,드라마,hyeonu59@live.com
구진호,45,2025-04-16,36,예능,zi@ju.kr
이미정,62,2025-04-28,98,예능,jongsu90@yuhanhoesa.com
김민수,23,2025-04-15,236,영화,ri@hanmail.net
김서연,21,2025-04-28,80,영화,iyeongho@dreamwiz.com
강정수,40,2025-04-04,148,예능,sanghungo@dreamwiz.com
오현준,35,2025-04-14,89,영화,yeweon88@naver.com
고정희,60,2025-04-11,210,드라마,migyeong13@jusighoesa.com
최영수,51,2025-04-23,2,다큐멘터리,gimjunho@baghwangryu.com
이도현,61,2025-04-27,96,다큐멘터리,seojun89@hotmail.com
김예진,43,2025-04-07,242,애니메이션,bagjaeho@yu.com
노지후,27,2025-04-19,125,다큐멘터리,seunghyeon84@yu.com
김현정,26,2025-04-25,1,드라마,areumo@hongcoe.org
김현정,47,2025-04-12,50,다큐멘터리,yunseoi@gmail.com
강성민,43,2025-04-12,157,영화,zgim@live.com
김도윤,19,2025-04-17,87,영화,nbag@nate.com
이정희,59,2025-04-30,186,애니메이션,xgim@daum.net
박상훈,35,2025-04-02,234,애니메이션,sangceoli@munica.com
심정희,53,2025-04-15,176,다큐멘터리,myeongjabag@yangbaggim.kr
주서영,63,2025-04-07,230,영화,gimmyeongsug@dreamwiz.com
김민석,38,2025-04-30,86,영화,yejin65@yuhanhoesa.com
박정훈,47,2025-04-28,73,드라마,gimsangceol@nate.com
이현정,34,2025-04-24,236,드라마,seonyeongi@ju.kr
조영일,50,2025-04-23,84,예능,seonghyeon94@nate.com
박예지,54,2025-04-08,145,예능,xsong@nate.com
구은경,54,2025-04-02,120,다큐멘터리,pi@ju.com
오지영,25,2025-04-26,8,다큐멘터리,jeongsuggim@daum.net
박승현,44,2025-04-21,51,다큐멘터리,jungsuhwang@dreamwiz.com
서명자,30,2025-04-29,9,드라마,borameom@bagigim.kr
이종수,49,2025-04-23,135,드라마,pgim@naver.com
김현지,19,2025-04-27,76,드라마,yeweon75@dreamwiz.com
심주원,41,2025-04-16,187,다큐멘터리,sanghun86@live.com
곽지원,24,2025-04-05,18,영화,iyeeun@nate.com
윤지아,59,2025-04-20,234,드라마,jeongsuni@gimgang.kr
김지후,65,2025-04-05,68,예능,minseogi@gimhwanggim.kr
김은지,57,2025-04-30,8,드라마,wyun@naver.com
윤지후,43,2025-04-05,219,예능,mijeongo@jusighoesa.com
이예진,64,2025-04-26,78,예능,gimseoyeon@daum.net
이예원,36,2025-04-29,196,애니메이션,jeonghyibag@hanmail.net
이지민,63,2025-04-24,136,애니메이션,gyeongsui@naver.com
권보람,52,2025-04-12,142,예능,fbag@live.com
김민서,63,2025-04-27,48,영화,geonui@dreamwiz.com
곽수진,53,2025-04-18,148,다큐멘터리,areum30@yuhanhoesa.net
한은주,18,2025-04-01,100,애니메이션,subin32@dreamwiz.com
신예준,61,2025-04-27,108,드라마,zgweon@hanmail.net
장은서,62,2025-04-01,191,드라마,xbag@ju.kr
김지혜,45,2025-04-26,79,예능,jangyeeun@dreamwiz.com
박준서,65,2025-04-23,121,예능,misugbag@gmail.com
장숙자,31,2025-04-09,250,드라마,agim@ju.com
정명숙,48,2025-04-18,87,예능,agim@jusighoesa.net
이혜진,52,2025-04-03,174,드라마,ymun@live.com
차준호,41,2025-04-24,141,드라마,sanghun86@jusighoesa.org
이정남,19,2025-04-15,237,예능,pryu@dreamwiz.com
이진우,53,2025-04-27,10,예능,songjihu@jusighoesa.kr
문서현,65,2025-04-13,115,다큐멘터리,ibag@ju.com
허영환,44,2025-04-05,229,예능,jaehogim@hanmail.net
이영호,18,2025-04-08,129,영화,dcoe@nojang.org
한영순,63,2025-04-16,30,드라마,igim@dreamwiz.com
김준호,48,2025-04-03,142,애니메이션,jheo@jucoegim.com
이도현,47,2025-04-28,117,예능,sangceol30@naver.com
조광수,18,2025-04-08,235,영화,eunjucoe@yuhanhoesa.com
백상철,31,2025-04-06,50,다큐멘터리,sinyujin@jusighoesa.com
황영미,62,2025-04-18,214,다큐멘터리,yeongho87@dreamwiz.com
나영수,56,2025-04-11,198,드라마,juweoni@hanmail.net
김유진,38,2025-04-18,94,드라마,seongjin53@live.com
김유진,39,2025-04-03,97,예능,yunseo77@dreamwiz.com
안민준,18,2025-04-26,86,다큐멘터리,jihyeonjeong@gmail.com
홍명자,31,2025-04-23,51,애니메이션,ijeongja@ju.com
박도윤,26,2025-04-16,92,애니메이션,igim@live.com
박서준,50,2025-04-19,143,영화,bagyeonghyi@live.com
백미숙,42,2025-04-09,117,예능,yeongjingang@songi.kr
성영길,64,2025-04-07,117,영화,jaehoryu@ju.com
한미경,46,2025-04-19,58,다큐멘터리,seoyeon18@gmail.com
배정수,64,2025-04-21,208,애니메이션,donghyeon14@gmail.com
고건우,46,2025-04-27,149,애니메이션,yujino@namicoe.kr
이하윤,26,2025-04-25,230,다큐멘터리,igweon@daum.net
우명숙,56,2025-04-28,185,예능,jeongjai@live.com
이은주,48,2025-04-04,172,예능,jgim@live.com
장재호,32,2025-04-25,183,영화,eunjeong11@gimo.net
이성호,57,2025-04-15,92,다큐멘터리,nojinho@gimgim.kr
최승민,50,2025-04-02,212,다큐멘터리,isangceol@mungim.kr
김지후,54,2025-04-18,99,애니메이션,yeongsungim@ibag.com
이성민,43,2025-04-03,144,애니메이션,yeongceol37@yuhanhoesa.com
이준혁,56,2025-04-14,130,영화,jinho69@hotmail.com
조정수,37,2025-04-17,110,예능,seonghun65@naver.com
강현주,63,2025-04-12,217,예능,junseo65@jusighoesa.kr
서진우,41,2025-04-26,103,예능,san@yuhanhoesa.com
오지우,38,2025-04-09,91,영화,ejin@bagyumun.kr
안아름,56,2025-04-14,0,드라마,hwangareum@gimgang.kr
장영숙,43,2025-04-11,146,예능,ggim@naver.com
신영호,33,2025-04-26,197,영화,di@yu.kr
이진호,46,2025-04-12,193,영화,jeonghuni@yuhanhoesa.com
한성수,52,2025-04-04,223,다큐멘터리,songsangho@nate.com
장민지,40,2025-04-01,68,드라마,minjii@seonggimi.com
윤승민,28,2025-04-22,41,다큐멘터리,ycoe@jusighoesa.com
안옥자,50,2025-04-14,10,드라마,seunghyeon14@dreamwiz.com
윤은서,28,2025-04-09,35,예능,ijeonghyi@hotmail.com
한수진,55,2025-04-03,55,다큐멘터리,jeongnamgim@jusighoesa.kr
이병철,60,2025-04-15,58,드라마,myeongsuggim@honggang.org
김민수,41,2025-04-15,50,다큐멘터리,fi@live.com
박민지,22,2025-04-20,202,다큐멘터리,jaehyeoni@gimbag.net
박옥순,51,2025-04-19,208,예능,eungyeong58@yuhanhoesa.org
김채원,62,2025-04-07,6,드라마,fi@mungimsong.com
최순자,56,2025-04-17,160,드라마,subinan@hanmail.net
최옥자,28,2025-04-25,167,애니메이션,hyeonju44@gwagbag.net
김지아,57,2025-04-18,138,다큐멘터리,jinjia@hotmail.com
김민서,53,2025-04-18,125,예능,yunseojang@dreamwiz.com
강재현,55,2025-04-26,185,영화,ygim@daum.net
권정수,47,2025-04-12,14,애니메이션,uha@gmail.com
홍미숙,31,2025-04-04,196,다큐멘터리,jeonghyi86@hanmail.net
류예진,43,2025-04-22,91,예능,jeongung92@dreamwiz.com
손지연,55,2025-04-06,67,다큐멘터리,gangjeongja@ju.kr
한민수,52,2025-04-24,240,다큐멘터리,jiyeonyang@daum.net
김영미,54,2025-04-20,197,드라마,ijaeho@yuhanhoesa.net
김도현,19,2025-04-04,200,드라마,sgim@ryumin.kr
박서윤,42,2025-04-27,154,다큐멘터리,gimjuweon@gimhwang.org
윤정순,59,2025-04-08,46,다큐멘터리,gangseonghyeon@ogang.com
강영희,25,2025-04-28,7,애니메이션,baeseongmin@yuhanhoesa.com
김영철,26,2025-04-08,147,드라마,hongareum@naver.com
조병철,35,2025-04-17,191,영화,sunja37@live.com
박예준,27,2025-04-27,141,애니메이션,cunja26@ijanggweon.org
최건우,60,2025-04-24,113,애니메이션,yuhayun@baggangbag.kr
이재현,51,2025-04-10,209,애니메이션,byeongceol18@jusighoesa.kr
권은지,63,2025-04-11,130,예능,yeonghyi30@ju.com
조성수,55,2025-04-05,50,애니메이션,gimseongmin@jusighoesa.org
김미정,56,2025-04-21,85,애니메이션,hwangdoyun@live.com
김정식,51,2025-04-27,190,드라마,xbag@yuhanhoesa.org
최정웅,58,2025-04-24,215,영화,gimjia@ju.kr
김현주,34,2025-04-06,4,애니메이션,pgim@heoiryu.kr
박지후,31,2025-04-09,185,애니메이션,eunjuna@gimbagi.org
김영길,33,2025-04-02,165,드라마,jaehyeonan@hanmail.net
최영식,29,2025-04-19,225,애니메이션,seongjinnam@jusighoesa.com
김은지,62,2025-04-17,100,드라마,gimhyeonju@live.com
김현준,41,2025-04-03,228,애니메이션,gimyeongil@live.com
이현지,31,2025-04-19,43,애니메이션,bagsunog@gimcoei.com
이성수,63,2025-04-28,176,예능,jeongsu43@daum.net
김지영,51,2025-04-13,210,다큐멘터리,sanghyeonbag@ibag.org
이상훈,25,2025-04-28,108,드라마,gimyeongja@jusighoesa.com
이명숙,59,2025-04-22,128,예능,jeongsug20@live.com
최유진,22,2025-04-25,121,애니메이션,ygim@ju.org
김서연,51,2025-04-20,96,영화,yeongja19@naver.com
김혜진,29,2025-04-08,128,예능,fsong@gimno.com
최준영,32,2025-04-16,57,애니메이션,rgim@live.com
김병철,48,2025-04-01,104,애니메이션,cyang@hanmail.net
박춘자,54,2025-04-04,1,예능,gimjunyeong@live.com
손영진,47,2025-04-30,74,예능,whwang@jeongbagbaeg.kr
이경수,57,2025-04-19,71,드라마,baeeunseo@yuhanhoesa.com
윤상훈,41,2025-04-21,115,다큐멘터리,seoyeongna@ihonghong.com
이정호,55,2025-04-12,248,드라마,hanjeonghun@hotmail.com
김혜진,18,2025-04-09,54,드라마,seonghun01@gmail.com
김영진,62,2025-04-06,91,애니메이션,jihye32@oheo.org
김민서,35,2025-04-24,131,예능,hongjia@yu.com
김민재,62,2025-04-06,39,드라마,lyun@nate.com
최민준,56,2025-04-03,177,애니메이션,seojun09@live.com
황윤서,33,2025-04-04,32,드라마,jihye93@yuhanhoesa.com
손도현,24,2025-04-22,247,드라마,ngim@hanmail.net
이지우,48,2025-04-06,226,다큐멘터리,iyejin@yuhanhoesa.kr
이준영,40,2025-04-21,250,애니메이션,hyeonuan@yu.com
이정웅,27,2025-04-13,202,예능,seohyeon97@yuhanhoesa.com
이현우,30,2025-04-17,25,드라마,areum43@daum.net
최준혁,60,2025-04-21,102,예능,ijihun@ryugang.kr
김민준,20,2025-04-13,159,영화,bagsangho@live.com
손상훈,50,2025-04-01,195,드라마,juweoni@hotmail.com
이영수,24,2025-04-27,187,다큐멘터리,seoyeon21@yu.com
홍지은,61,2025-04-12,190,영화,pcoe@dreamwiz.com
이준혁,53,2025-04-15,243,예능,sanghungweon@jusighoesa.org
김도현,25,2025-04-22,161,다큐멘터리,hyejingang@naver.com
서준서,32,2025-04-16,243,영화,jcoe@gobag.org
한영환,28,2025-04-10,191,애니메이션,iseongsu@daum.net
최미숙,35,2025-04-08,60,영화,jiyeong46@dreamwiz.com
박보람,33,2025-04-23,13,다큐멘터리,subinjang@live.com
손성진,37,2025-04-11,207,드라마,sinjihye@gimryu.com
홍준호,24,2025-04-29,179,드라마,seongminu@hwangiseo.kr
김서영,33,2025-04-18,67,드라마,xgweon@gmail.com
김숙자,57,2025-04-15,76,다큐멘터리,eunseobag@gmail.com
양상철,18,2025-04-12,137,예능,dohyeongim@hani.org
이지훈,60,2025-04-17,185,영화,junseocoe@yuhanhoesa.com
홍상훈,47,2025-04-28,179,예능,doyun02@jusighoesa.net
윤영일,38,2025-04-30,131,영화,pbaeg@ju.kr
이현주,21,2025-04-07,248,다큐멘터리,wbae@dreamwiz.com
박정남,25,2025-04-16,68,예능,gimhyejin@nate.com
최수빈,43,2025-04-16,19,다큐멘터리,rgim@goi.net
윤서연,64,2025-04-11,64,다큐멘터리,songeunju@jangjango.net
이지후,59,2025-04-15,134,예능,lseo@hanmail.net
오정수,34,2025-04-26,225,영화,migyeong28@hotmail.com
박정호,48,2025-04-26,152,다큐멘터리,areum35@yu.com
최영길,29,2025-04-25,172,다큐멘터리,ogim@yuhanhoesa.kr
이채원,37,2025-04-03,197,예능,hyejini@gimmungim.com
강민준,38,2025-04-16,186,드라마,bagyeonggil@jusighoesa.org
김영희,27,2025-04-06,6,예능,ei@live.com
박정웅,19,2025-04-26,133,예능,yujin83@ju.com
김영일,60,2025-04-10,224,다큐멘터리,minsugim@naver.com
박영진,59,2025-04-06,175,애니메이션,jeonghobae@nate.com
김하윤,27,2025-04-12,184,예능,gimyeji@hotmail.com
김영일,25,2025-04-13,179,예능,yeeun06@hwanggang.kr
장은지,63,2025-04-22,167,다큐멘터리,hanjihu@gimgimhan.com
강수진,40,2025-04-15,172,애니메이션,sujin26@ju.kr
이영진,56,2025-04-30,66,영화,yeweon42@yuhanhoesa.com
장지후,18,2025-04-02,60,다큐멘터리,hayunhwang@daum.net
김선영,27,2025-04-19,4,드라마,smin@baggim.com
고아름,57,2025-04-01,5,예능,gseo@gmail.com
김재호,58,2025-04-20,142,영화,jiweon94@daum.net
이민석,26,2025-04-27,7,예능,yi@dreamwiz.com
윤지우,44,2025-04-03,4,영화,yeonghyigim@ju.kr
최시우,65,2025-04-22,8,애니메이션,sumin27@dreamwiz.com
이광수,28,2025-04-22,119,예능,gyeongsu89@hanmail.net
장순옥,31,2025-04-22,100,드라마,pjang@ijangi.org
손은영,56,2025-04-14,231,영화,migyeongbag@mungimbag.com
이영일,30,2025-04-29,22,예능,fryu@dreamwiz.com
최도현,42,2025-04-10,124,영화,fi@gmail.com
이영호,52,2025-04-21,220,다큐멘터리,anhyeonsug@soncoe.net
하아름,43,2025-04-01,2,영화,jeonghyii@oibag.com
김순자,22,2025-04-27,232,다큐멘터리,yeonghyi02@dreamwiz.com
오정웅,24,2025-04-21,175,드라마,sumin31@gimryugim.com
이지훈,34,2025-04-10,140,드라마,lbag@yuhanhoesa.net
심준영,18,2025-04-01,142,예능,yeongjagim@hotmail.com
윤예준,36,2025-04-07,250,드라마,mi@hanmail.net
차현우,59,2025-04-28,112,드라마,seongminjo@naver.com
최숙자,30,2025-04-21,160,애니메이션,yeonggilo@heogim.net
성예진,42,2025-04-10,76,다큐멘터리,gweonseoyeon@live.com
손옥자,31,2025-04-14,71,다큐멘터리,bagdoyun@hotmail.com
김상훈,51,2025-04-13,231,애니메이션,yeongsun20@gimjeong.com
김채원,32,2025-04-03,199,다큐멘터리,ygim@hangim.kr
성현우,18,2025-04-05,248,드라마,gimyeongceol@dreamwiz.com
백정자,18,2025-04-10,161,예능,eungyeongca@naver.com
나도현,29,2025-04-24,185,다큐멘터리,ijihun@gimcoe.com
박진우,36,2025-04-21,159,드라마,caeweoncoe@bagcoe.com
오영진,64,2025-04-10,213,예능,anseonghyeon@gimgimgim.com
이진호,40,2025-04-20,89,드라마,gimjeongho@hanmail.net
강은정,65,2025-04-14,197,예능,junyeong16@bagi.kr
이지원,22,2025-04-11,219,다큐멘터리,pgim@hanmail.net
김동현,59,2025-04-04,216,영화,gimsugja@yuhanhoesa.com
한현지,21,2025-04-16,249,애니메이션,sinseongjin@dreamwiz.com
김명자,28,2025-04-28,217,영화,boram93@ibag.kr
김정남,52,2025-04-29,230,드라마,gweonseoyun@yu.com
이현숙,43,2025-04-10,236,영화,bryu@dreamwiz.com
김정호,32,2025-04-30,82,애니메이션,jaehoson@nate.com
김채원,41,2025-04-07,47,예능,gimseoyeong@baghai.net
서서영,50,2025-04-03,198,드라마,seungmingang@gimgim.org
김지아,20,2025-04-06,30,다큐멘터리,iminjae@daum.net
최진호,33,2025-04-24,100,드라마,yeongsuggim@naver.com
배숙자,39,2025-04-10,35,영화,subin49@hotmail.com
이숙자,58,2025-04-08,96,영화,geonugim@hanmail.net
윤수민,55,2025-04-07,244,예능,yeongsuni@dreamwiz.com
이성수,34,2025-04-28,12,영화,sunjagim@gogim.kr
서재현,51,2025-04-22,110,드라마,hongsugja@hwanggimgim.com
엄예은,64,2025-04-15,131,애니메이션,junhyeog94@yuhanhoesa.com
박정남,28,2025-04-02,46,다큐멘터리,jinhogim@yuhanhoesa.com
박도윤,33,2025-04-05,84,영화,donghyeongim@nate.com
허중수,59,2025-04-12,202,애니메이션,sanghyeon84@coecoe.kr
이은지,25,2025-04-25,27,영화,junseo38@imunbag.kr
김춘자,24,2025-04-07,149,다큐멘터리,yeongsigbag@naver.com
김성호,34,2025-04-04,211,영화,jihui@yuhanhoesa.net
김경희,47,2025-04-25,56,다큐멘터리,sugjagim@ju.com
이현지,65,2025-04-11,27,예능,hayun37@mungimryu.kr
최정훈,28,2025-04-13,147,예능,yejii@dreamwiz.com
김영미,63,2025-04-03,0,애니메이션,gimmiyeong@ryujogim.kr
양옥자,35,2025-04-10,127,애니메이션,bagseojun@yuhanhoesa.kr
심영수,31,2025-04-18,131,예능,seohyeon91@live.com
박상호,23,2025-04-28,85,애니메이션,seonyeong86@gimo.org
박영진,51,2025-04-08,235,영화,yeongjai@nate.com
이영환,22,2025-04-12,17,드라마,ncoe@naver.com
이서영,53,2025-04-10,179,예능,juweoncoe@naver.com
최지영,54,2025-04-08,51,영화,jiminyun@hanmail.net
한민준,52,2025-04-02,33,예능,zan@jusighoesa.org
유시우,19,2025-04-15,161,예능,yeongsu19@yuhanhoesa.com
최현정,61,2025-04-03,155,다큐멘터리,mbag@giman.kr
김보람,39,2025-04-18,37,드라마,yeongil02@yu.kr
김정식,61,2025-04-20,231,애니메이션,yeji89@isong.com
김현숙,29,2025-04-02,100,예능,seonghun81@yu.com
송은경,59,2025-04-14,123,다큐멘터리,xcoe@hanmail.net
성예원,44,2025-04-14,102,영화,bagyeongho@live.com
지정숙,34,2025-04-18,87,드라마,jungsu58@yu.org
최민준,60,2025-04-06,153,애니메이션,yeongsu94@hotmail.com
장하은,52,2025-04-19,49,드라마,yeongilgim@naver.com
김상호,54,2025-04-19,112,애니메이션,eunseogim@daum.net
장은영,28,2025-04-24,127,다큐멘터리,ui@baeyangcoe.com
나지훈,52,2025-04-11,30,예능,kgim@hotmail.com
안영수,48,2025-04-22,104,예능,junhyeog27@yuhanhoesa.kr
이은영,52,2025-04-02,145,애니메이션,minjigim@dreamwiz.com
이보람,39,2025-04-10,181,다큐멘터리,jihugweon@nate.com
이보람,50,2025-04-18,192,영화,eunjio@yuhanhoesa.com
성민재,24,2025-04-03,61,드라마,jihungim@ani.kr
김미숙,37,2025-04-22,174,드라마,gimyeongceol@yuhanhoesa.kr
김경자,36,2025-04-19,71,예능,jia93@yu.net
황예원,31,2025-04-28,113,애니메이션,dgang@jusighoesa.com
강승민,63,2025-04-28,194,다큐멘터리,gimyeongsig@yuno.kr
이영희,52,2025-04-23,151,영화,li@gmail.com
김상훈,48,2025-04-03,192,드라마,seonghogim@yuhanhoesa.org
김은정,23,2025-04-04,219,다큐멘터리,pi@baggim.kr
김정숙,22,2025-04-05,55,애니메이션,ibag@naver.com
김현정,55,2025-04-05,35,다큐멘터리,ogang@bagyuni.com
김동현,20,2025-04-13,239,드라마,jungsu24@gmail.com
송준혁,63,2025-04-05,132,예능,gyeongsug07@dreamwiz.com
권주원,35,2025-04-03,56,다큐멘터리,coeseungmin@igimseo.kr
김미경,27,2025-04-26,199,예능,ujin84@gimgimgim.com
강수민,49,2025-04-11,188,영화,jeongsugim@gmail.com
김서준,58,2025-04-30,225,애니메이션,gimseongjin@dreamwiz.com
이주원,28,2025-04-25,193,예능,gyeongsug05@daum.net
곽명숙,55,2025-04-29,73,드라마,jeongseonghun@naver.com
류미영,41,2025-04-17,92,애니메이션,chwang@ju.net
박현지,19,2025-04-03,141,영화,tjang@nate.com
서정호,40,2025-04-25,213,애니메이션,gyeonghyi43@sonmun.com
김영희,40,2025-04-30,225,다큐멘터리,eunjeongcoe@angimgim.org
한민지,65,2025-04-14,122,다큐멘터리,seonghyeongim@nameom.net
이민재,60,2025-04-24,171,영화,myeongsugi@songbag.com
이정웅,22,2025-04-10,127,예능,bagjinu@naver.com
박윤서,28,2025-04-30,98,애니메이션,yejin49@hotmail.com
김성민,29,2025-04-06,249,영화,hyeonu86@hotmail.com
강아름,34,2025-04-06,235,애니메이션,yeji86@yuhanhoesa.com
이은주,54,2025-04-23,194,예능,bagminjae@jusighoesa.com
김경수,60,2025-04-18,124,영화,sbag@naver.com
김정웅,58,2025-04-23,116,영화,areumnam@yuhanhoesa.kr
안명숙,34,2025-04-24,83,드라마,seojeongsun@daum.net
성미숙,43,2025-04-04,185,애니메이션,hgim@jusighoesa.kr
김재현,52,2025-04-13,94,영화,bhan@daum.net
김승민,44,2025-04-06,110,다큐멘터리,mijeongjo@nate.com
최혜진,56,2025-04-05,45,드라마,bgweon@nate.com
최서영,18,2025-04-26,213,애니메이션,hyeonsug76@gmail.com
나은서,56,2025-04-30,82,영화,geonu33@gimryu.net
허옥순,62,2025-04-13,76,드라마,gimjongsu@yu.kr
김성민,35,2025-04-10,133,다큐멘터리,yejino@dreamwiz.com
류정수,47,2025-04-09,58,다큐멘터리,dohyeon96@ju.kr
문준호,61,2025-04-26,198,예능,gangsugja@yu.com
김명숙,18,2025-04-14,103,예능,kgweon@daum.net
이승민,63,2025-04-24,119,다큐멘터리,minjun90@iii.net
김영호,40,2025-04-01,112,예능,myun@hanmail.net
이시우,43,2025-04-11,140,다큐멘터리,jangjihun@gimi.net
이현준,18,2025-04-29,17,애니메이션,jinhoyu@hanmail.net
이정훈,42,2025-04-16,198,영화,seoyeongjin@yu.net
이예은,48,2025-04-23,12,영화,ogsungim@naver.com
강혜진,25,2025-04-17,42,영화,qcoe@yu.kr
박진우,37,2025-04-24,165,애니메이션,qjang@mungim.org
이현지,27,2025-04-29,131,애니메이션,gyeonghyi98@jusighoesa.net
김영진,21,2025-04-04,107,예능,ki@gmail.com
이재현,51,2025-04-19,172,다큐멘터리,eunji46@yu.com
이진호,43,2025-04-06,77,드라마,jgim@jubaegi.kr
윤영환,56,2025-04-29,151,드라마,jeongnamhan@yuhanhoesa.org
남지훈,63,2025-04-19,221,드라마,coehayun@daum.net
홍민재,64,2025-04-16,101,애니메이션,jiyeong66@bagsim.net
이지영,34,2025-04-11,58,애니메이션,seungmingweon@jogang.kr
임성호,30,2025-04-16,145,드라마,myeongjajo@nate.com
이영수,57,2025-04-13,227,드라마,yeongsigi@yu.com
김현숙,30,2025-04-23,195,다큐멘터리,dim@hanmail.net
